Exchange Rates On Transaction USD  ;Exchange Rates On Transaction USD  ;Exchange Rates On Transaction USD  ;Exchange Rates On Transaction USD  ;
;;;;
NO;Value;Sell;Buy;Date
1;1;15493,08;15338,92;12/29/2023 12:00:00 AM
2;1;15491,07;15336,93;12/28/2023 12:00:00 AM
3;1;15566,44;15411,56;12/27/2023 12:00:00 AM
4;1;15610,67;15455,33;12/22/2023 12:00:00 AM
5;1;15589,56;15434,44;12/21/2023 12:00:00 AM
6;1;15583,53;15428,47;12/20/2023 12:00:00 AM
7;1;15593,58;15438,42;12/19/2023 12:00:00 AM
8;1;15580,51;15425,49;12/18/2023 12:00:00 AM
9;1;15570,47;15415,53;12/15/2023 12:00:00 AM
10;1;15707,15;15550,85;12/14/2023 12:00:00 AM
11;1;15709,16;15552,84;12/13/2023 12:00:00 AM
12;1;15692,07;15535,93;12/12/2023 12:00:00 AM
13;1;15577,5;15422,5;12/11/2023 12:00:00 AM
14;1;15613,68;15458,32;12/8/2023 12:00:00 AM
15;1;15581,52;15426,48;12/7/2023 12:00:00 AM
16;1;15581,52;15426,48;12/6/2023 12:00:00 AM
17;1;15523,23;15368,77;12/5/2023 12:00:00 AM
18;1;15601,62;15446,38;12/4/2023 12:00:00 AM
19;1;15561,42;15406,58;12/1/2023 12:00:00 AM
20;1;15460,92;15307,08;11/30/2023 12:00:00 AM
21;1;15527,25;15372,75;11/29/2023 12:00:00 AM
22;1;15604,64;15449,36;11/28/2023 12:00:00 AM
23;1;15664,93;15509,07;11/27/2023 12:00:00 AM
24;1;15670,97;15515,03;11/24/2023 12:00:00 AM
25;1;15661,92;15506,08;11/23/2023 12:00:00 AM
26;1;15513,18;15358,82;11/22/2023 12:00:00 AM
27;1;15496,09;15341,91;11/21/2023 12:00:00 AM
28;1;15581,52;15426,48;11/20/2023 12:00:00 AM
29;1;15672,98;15517,02;11/17/2023 12:00:00 AM
30;1;15580,51;15425,49;11/16/2023 12:00:00 AM
31;1;15777,5;15620,5;11/15/2023 12:00:00 AM
32;1;15791,57;15634,43;11/14/2023 12:00:00 AM
33;1;15771,47;15614,53;11/13/2023 12:00:00 AM
34;1;15727,25;15570,75;11/10/2023 12:00:00 AM
35;1;15707,15;15550,85;11/9/2023 12:00:00 AM
36;1;15670,97;15515,03;11/8/2023 12:00:00 AM
37;1;15627,75;15472,25;11/7/2023 12:00:00 AM
38;1;15849,85;15692,15;11/6/2023 12:00:00 AM
39;1;15940,31;15781,69;11/3/2023 12:00:00 AM
40;1;16025,73;15866,27;11/2/2023 12:00:00 AM
41;1;15976,49;15817,51;11/1/2023 12:00:00 AM
42;1;15995,58;15836,42;10/31/2023 12:00:00 AM
43;1;16020,7;15861,3;10/30/2023 12:00:00 AM
44;1;16012,67;15853,33;10/27/2023 12:00:00 AM
45;1;15950,35;15791,65;10/26/2023 12:00:00 AM
46;1;15948,34;15789,66;10/25/2023 12:00:00 AM
47;1;16022,72;15863,28;10/24/2023 12:00:00 AM
48;1;15935,28;15776,72;10/23/2023 12:00:00 AM
49;1;15917,19;15758,81;10/20/2023 12:00:00 AM
50;1;15809,66;15652,34;10/19/2023 12:00:00 AM
51;1;15796,59;15639,41;10/18/2023 12:00:00 AM
52;1;15794,58;15637,42;10/17/2023 12:00:00 AM
53;1;15787,55;15630,45;10/16/2023 12:00:00 AM
54;1;15780,51;15623,49;10/13/2023 12:00:00 AM
55;1;15788,55;15631,45;10/12/2023 12:00:00 AM
56;1;15786,54;15629,46;10/11/2023 12:00:00 AM
57;1;15753,38;15596,63;10/10/2023 12:00:00 AM
58;1;15706,14;15549,86;10/9/2023 12:00:00 AM
59;1;15679;15523;10/6/2023 12:00:00 AM
60;1;15714,18;15557,82;10/5/2023 12:00:00 AM
61;1;15678;15522;10/4/2023 12:00:00 AM
62;1;15596,59;15441,41;10/3/2023 12:00:00 AM
63;1;15564,43;15409,57;10/2/2023 12:00:00 AM
64;1;15603,63;15448,37;9/29/2023 12:00:00 AM
65;1;15541,32;15386,68;9/27/2023 12:00:00 AM
66;1;15476;15322;9/26/2023 12:00:00 AM
67;1;15459,92;15306,08;9/25/2023 12:00:00 AM
68;1;15473,99;15320,01;9/22/2023 12:00:00 AM
69;1;15472,98;15319,02;9/21/2023 12:00:00 AM
70;1;15457,91;15304,09;9/20/2023 12:00:00 AM
71;1;15449,86;15296,14;9/19/2023 12:00:00 AM
72;1;15443,83;15290,17;9/18/2023 12:00:00 AM
73;1;15433,78;15280,22;9/15/2023 12:00:00 AM
74;1;15443,83;15290,17;9/14/2023 12:00:00 AM
75;1;15420,72;15267,28;9/13/2023 12:00:00 AM
76;1;15428,76;15275,24;9/12/2023 12:00:00 AM
77;1;15417,7;15264,3;9/11/2023 12:00:00 AM
78;1;15410,67;15257,33;9/8/2023 12:00:00 AM
79;1;15383,53;15230,47;9/7/2023 12:00:00 AM
80;1;15336,3;15183,7;9/6/2023 12:00:00 AM
81;1;15323,24;15170,76;9/5/2023 12:00:00 AM
82;1;15328,26;15175,74;9/4/2023 12:00:00 AM
83;1;15313,18;15160,82;9/1/2023 12:00:00 AM
84;1;15315,19;15162,81;8/31/2023 12:00:00 AM
85;1;15339,32;15186,68;8/30/2023 12:00:00 AM
86;1;15370,47;15217,53;8/29/2023 12:00:00 AM
87;1;15373,49;15220,51;8/28/2023 12:00:00 AM
88;1;15329,26;15176,74;8/25/2023 12:00:00 AM
89;1;15395,59;15242,41;8/24/2023 12:00:00 AM
90;1;15402,63;15249,37;8/23/2023 12:00:00 AM
91;1;15405,65;15252,35;8/22/2023 12:00:00 AM
92;1;15384,54;15231,46;8/21/2023 12:00:00 AM
93;1;15384,54;15231,46;8/18/2023 12:00:00 AM
94;1;15422,73;15269,27;8/16/2023 12:00:00 AM
95;1;15399,61;15246,39;8/15/2023 12:00:00 AM
96;1;15301,13;15148,88;8/14/2023 12:00:00 AM
97;1;15280,02;15127,98;8/11/2023 12:00:00 AM
98;1;15282,03;15129,97;8/10/2023 12:00:00 AM
99;1;15305,15;15152,85;8/9/2023 12:00:00 AM
100;1;15253,89;15102,11;8/8/2023 12:00:00 AM
101;1;15243,84;15092,16;8/7/2023 12:00:00 AM
102;1;15273,99;15122,01;8/4/2023 12:00:00 AM
103;1;15246,85;15095,15;8/3/2023 12:00:00 AM
104;1;15192,58;15041,42;8/2/2023 12:00:00 AM
105;1;15167,46;15016,54;8/1/2023 12:00:00 AM
106;1;15158,42;15007,58;7/31/2023 12:00:00 AM
107;1;15078,01;14927,99;7/28/2023 12:00:00 AM
108;1;15107,16;14956,84;7/27/2023 12:00:00 AM
109;1;15082,03;14931,97;7/26/2023 12:00:00 AM
110;1;15103,14;14952,86;7/25/2023 12:00:00 AM
111;1;15101,13;14950,87;7/24/2023 12:00:00 AM
112;1;15065,95;14916,05;7/21/2023 12:00:00 AM
113;1;15068,97;14919,03;7/20/2023 12:00:00 AM
114;1;15082,03;14931,97;7/18/2023 12:00:00 AM
115;1;15019,73;14870,27;7/17/2023 12:00:00 AM
116;1;15052,89;14903,11;7/14/2023 12:00:00 AM
117;1;15159,42;15008,58;7/13/2023 12:00:00 AM
118;1;15237,81;15086,19;7/12/2023 12:00:00 AM
119;1;15267,96;15116,04;7/11/2023 12:00:00 AM
120;1;15211,68;15060,32;7/10/2023 12:00:00 AM
121;1;15137,31;14986,69;7/7/2023 12:00:00 AM
122;1;15088,07;14937,93;7/6/2023 12:00:00 AM
123;1;15093,09;14942,91;7/5/2023 12:00:00 AM
124;1;15109,17;14958,83;7/4/2023 12:00:00 AM
125;1;15075;14925;7/3/2023 12:00:00 AM
126;1;15101,13;14950,87;6/27/2023 12:00:00 AM
127;1;15072,99;14923,01;6/26/2023 12:00:00 AM
128;1;14992,59;14843,41;6/23/2023 12:00:00 AM
129;1;15056,91;14907,09;6/22/2023 12:00:00 AM
130;1;15115,2;14964,8;6/21/2023 12:00:00 AM
131;1;15068,97;14919,03;6/20/2023 12:00:00 AM
132;1;15019,73;14870,27;6/19/2023 12:00:00 AM
133;1;15017,72;14868,28;6/16/2023 12:00:00 AM
134;1;14969,48;14820,52;6/15/2023 12:00:00 AM
135;1;14942,34;14793,66;6/14/2023 12:00:00 AM
136;1;14948,37;14799,63;6/13/2023 12:00:00 AM
137;1;14927,26;14778,74;6/12/2023 12:00:00 AM
138;1;14977,51;14828,49;6/9/2023 12:00:00 AM
139;1;14949,38;14800,63;6/8/2023 12:00:00 AM
140;1;14913,19;14764,81;6/7/2023 12:00:00 AM
141;1;14962,44;14813,56;6/6/2023 12:00:00 AM
142;1;15078,01;14927,99;6/5/2023 12:00:00 AM
143;1;15043,84;14894,16;5/31/2023 12:00:00 AM
144;1;15047,86;14898,14;5/30/2023 12:00:00 AM
145;1;15033,8;14884,2;5/29/2023 12:00:00 AM
146;1;15026,76;14877,24;5/26/2023 12:00:00 AM
147;1;14979,52;14830,48;5/25/2023 12:00:00 AM
148;1;14952,39;14803,61;5/24/2023 12:00:00 AM
149;1;14971,49;14822,51;5/23/2023 12:00:00 AM
150;1;15010,68;14861,32;5/22/2023 12:00:00 AM
151;1;14949,38;14800,63;5/19/2023 12:00:00 AM
152;1;14884,05;14735,95;5/17/2023 12:00:00 AM
153;1;14886,06;14737,94;5/16/2023 12:00:00 AM
154;1;14825,76;14678,24;5/15/2023 12:00:00 AM
155;1;14795,61;14648,39;5/12/2023 12:00:00 AM
156;1;14819,73;14672,27;5/11/2023 12:00:00 AM
157;1;14830,78;14683,22;5/10/2023 12:00:00 AM
158;1;14782,55;14635,45;5/9/2023 12:00:00 AM
159;1;14747,37;14600,63;5/8/2023 12:00:00 AM
160;1;14705,16;14558,84;5/5/2023 12:00:00 AM
161;1;14779,53;14632,47;5/4/2023 12:00:00 AM
162;1;14776,51;14629,49;5/3/2023 12:00:00 AM
163;1;14734,31;14587,69;5/2/2023 12:00:00 AM
164;1;14824,75;14677,25;4/28/2023 12:00:00 AM
165;1;14956,41;14807,59;4/27/2023 12:00:00 AM
166;1;14929,27;14780,73;4/26/2023 12:00:00 AM
167;1;14846,86;14699,14;4/18/2023 12:00:00 AM
168;1;14739,33;14592,67;4/17/2023 12:00:00 AM
169;1;14865,96;14718,04;4/14/2023 12:00:00 AM
170;1;14940,33;14791,67;4/13/2023 12:00:00 AM
171;1;14962,44;14813,56;4/12/2023 12:00:00 AM
172;1;14979,52;14830,48;4/11/2023 12:00:00 AM
173;1;15017,72;14868,28;4/10/2023 12:00:00 AM
174;1;15007,67;14858,33;4/6/2023 12:00:00 AM
175;1;14987,57;14838,43;4/5/2023 12:00:00 AM
176;1;15064,95;14915,05;4/4/2023 12:00:00 AM
177;1;15051,89;14902,11;4/3/2023 12:00:00 AM
178;1;15137,31;14986,69;3/31/2023 12:00:00 AM
179;1;15169,47;15018,53;3/30/2023 12:00:00 AM
180;1;15163,44;15012,56;3/29/2023 12:00:00 AM
181;1;15249,87;15098,13;3/28/2023 12:00:00 AM
182;1;15264,94;15113,06;3/27/2023 12:00:00 AM
183;1;15425,75;15272,25;3/24/2023 12:00:00 AM
184;1;15448,86;15295,14;3/21/2023 12:00:00 AM
185;1;15440,82;15287,18;3/20/2023 12:00:00 AM
186;1;15495,09;15340,91;3/17/2023 12:00:00 AM
187;1;15441,83;15288,17;3/16/2023 12:00:00 AM
188;1;15456,9;15303,1;3/15/2023 12:00:00 AM
189;1;15450,87;15297,13;3/14/2023 12:00:00 AM
190;1;15545,34;15390,66;3/13/2023 12:00:00 AM
191;1;15515,19;15360,81;3/10/2023 12:00:00 AM
192;1;15528,25;15373,75;3/9/2023 12:00:00 AM
193;1;15435,8;15282,2;3/8/2023 12:00:00 AM
194;1;15377,5;15224,5;3/7/2023 12:00:00 AM
195;1;15382,53;15229,47;3/6/2023 12:00:00 AM
196;1;15349,36;15196,64;3/3/2023 12:00:00 AM
197;1;15326,25;15173,75;3/2/2023 12:00:00 AM
198;1;15316,2;15163,8;3/1/2023 12:00:00 AM
199;1;15350,37;15197,63;2/28/2023 12:00:00 AM
200;1;15292,08;15139,92;2/27/2023 12:00:00 AM
201;1;15262,93;15111,07;2/24/2023 12:00:00 AM
202;1;15294,09;15141,91;2/23/2023 12:00:00 AM
203;1;15254,9;15103,1;2/22/2023 12:00:00 AM
204;1;15243,84;15092,16;2/21/2023 12:00:00 AM
205;1;15275;15123;2/20/2023 12:00:00 AM
206;1;15251,88;15100,12;2/17/2023 12:00:00 AM
207;1;15269,97;15118,03;2/16/2023 12:00:00 AM
208;1;15243,84;15092,16;2/15/2023 12:00:00 AM
209;1;15292,08;15139,92;2/14/2023 12:00:00 AM
210;1;15215,7;15064,3;2/13/2023 12:00:00 AM
211;1;15195,6;15044,4;2/10/2023 12:00:00 AM
212;1;15197,61;15046,39;2/9/2023 12:00:00 AM
213;1;15214,69;15063,31;2/8/2023 12:00:00 AM
214;1;15130,27;14979,73;2/7/2023 12:00:00 AM
215;1;14972,49;14823,51;2/6/2023 12:00:00 AM
216;1;14942,34;14793,66;2/3/2023 12:00:00 AM
217;1;15065,95;14916,05;2/2/2023 12:00:00 AM
218;1;15066,96;14917,04;2/1/2023 12:00:00 AM
219;1;15053,9;14904,1;1/31/2023 12:00:00 AM
220;1;15052,89;14903,11;1/30/2023 12:00:00 AM
221;1;15038,82;14889,18;1/27/2023 12:00:00 AM
222;1;15032,79;14883,21;1/26/2023 12:00:00 AM
223;1;15004,65;14855,35;1/25/2023 12:00:00 AM
224;1;15196,6;15045,4;1/24/2023 12:00:00 AM
225;1;15188,57;15037,43;1/20/2023 12:00:00 AM
226;1;15212,68;15061,32;1/19/2023 12:00:00 AM
227;1;15229,77;15078,23;1/18/2023 12:00:00 AM
228;1;15094,09;14943,91;1/17/2023 12:00:00 AM
229;1;15252,89;15101,11;1/16/2023 12:00:00 AM
230;1;15442,83;15289,17;1/13/2023 12:00:00 AM
231;1;15604,64;15449,36;1/12/2023 12:00:00 AM
232;1;15666,94;15511,06;1/11/2023 12:00:00 AM
233;1;15651,87;15496,13;1/10/2023 12:00:00 AM
234;1;15713,17;15556,83;1/9/2023 12:00:00 AM
235;1;15688,05;15531,95;1/6/2023 12:00:00 AM
236;1;15693,08;15536,92;1/5/2023 12:00:00 AM
237;1;15667,95;15512,05;1/4/2023 12:00:00 AM
238;1;15649,86;15494,14;1/3/2023 12:00:00 AM
239;1;15669,96;15514,04;1/2/2023 12:00:00 AM
240;1;15809,66;15652,34;12/30/2022 12:00:00 AM
241;1;15781,51;15624,49;12/29/2022 12:00:00 AM
242;1;15737,3;15580,7;12/28/2022 12:00:00 AM
243;1;15714,18;15557,82;12/27/2022 12:00:00 AM
244;1;15683,02;15526,98;12/26/2022 12:00:00 AM
245;1;15671,97;15516,03;12/23/2022 12:00:00 AM
246;1;15679;15523;12/22/2022 12:00:00 AM
247;1;15686,04;15529,96;12/21/2022 12:00:00 AM
248;1;15699,1;15542,9;12/20/2022 12:00:00 AM
249;1;15695,08;15538,92;12/19/2022 12:00:00 AM
250;1;15708,15;15551,85;12/16/2022 12:00:00 AM
251;1;15697,09;15540,91;12/15/2022 12:00:00 AM
252;1;15739,31;15582,69;12/14/2022 12:00:00 AM
253;1;15720,21;15563,79;12/13/2022 12:00:00 AM
254;1;15664,93;15509,07;12/12/2022 12:00:00 AM
255;1;15702,12;15545,88;12/9/2022 12:00:00 AM
256;1;15697,09;15540,91;12/8/2022 12:00:00 AM
257;1;15653,88;15498,12;12/7/2022 12:00:00 AM
258;1;15486,05;15331,95;12/6/2022 12:00:00 AM
259;1;15506,15;15351,85;12/5/2022 12:00:00 AM
260;1;15695,08;15538,92;12/2/2022 12:00:00 AM
261;1;15820,71;15663,29;12/1/2022 12:00:00 AM
262;1;15815,68;15658,32;11/30/2022 12:00:00 AM
263;1;15807,65;15650,35;11/29/2022 12:00:00 AM
264;1;15746,34;15589,66;11/28/2022 12:00:00 AM
265;1;15725,24;15568,76;11/25/2022 12:00:00 AM
266;1;15778,5;15621,5;11/24/2022 12:00:00 AM
267;1;15794,58;15637,42;11/23/2022 12:00:00 AM
268;1;15785,53;15628,47;11/22/2022 12:00:00 AM
269;1;15770,46;15613,54;11/21/2022 12:00:00 AM
270;1;15765,43;15608,57;11/18/2022 12:00:00 AM
271;1;15688,05;15531,95;11/17/2022 12:00:00 AM
272;1;15641,82;15486,18;11/16/2022 12:00:00 AM
273;1;15576,5;15421,5;11/15/2022 12:00:00 AM
274;1;15570,47;15415,53;11/14/2022 12:00:00 AM
275;1;15779,5;15622,5;11/11/2022 12:00:00 AM
276;1;15732,27;15575,73;11/10/2022 12:00:00 AM
277;1;15762,42;15605,58;11/9/2022 12:00:00 AM
278;1;15770,46;15613,54;11/8/2022 12:00:00 AM
279;1;15814,68;15657,32;11/7/2022 12:00:00 AM
280;1;15759,41;15602,59;11/4/2022 12:00:00 AM
281;1;15730,26;15573,74;11/3/2022 12:00:00 AM
282;1;15725,24;15568,76;11/2/2022 12:00:00 AM
283;1;15673,98;15518,02;11/1/2022 12:00:00 AM
284;1;15619,71;15464,29;10/31/2022 12:00:00 AM
285;1;15650,86;15495,14;10/28/2022 12:00:00 AM
286;1;15673,98;15518,02;10/27/2022 12:00:00 AM
287;1;15694,08;15537,92;10/26/2022 12:00:00 AM
288;1;15667,95;15512,05;10/25/2022 12:00:00 AM
289;1;15688,05;15531,95;10/24/2022 12:00:00 AM
290;1;15656,9;15501,1;10/21/2022 12:00:00 AM
291;1;15568,45;15413,55;10/20/2022 12:00:00 AM
292;1;15546,34;15391,66;10/19/2022 12:00:00 AM
293;1;15557,4;15402,6;10/18/2022 12:00:00 AM
294;1;15466,95;15313,05;10/17/2022 12:00:00 AM
295;1;15433,78;15280,22;10/14/2022 12:00:00 AM
296;1;15449,86;15296,14;10/13/2022 12:00:00 AM
297;1;15438,81;15285,19;10/12/2022 12:00:00 AM
298;1;15375,5;15222,5;10/11/2022 12:00:00 AM
299;1;15322,23;15169,77;10/10/2022 12:00:00 AM
300;1;15272,99;15121,01;10/7/2022 12:00:00 AM
301;1;15271,98;15120,02;10/6/2022 12:00:00 AM
302;1;15352,38;15199,62;10/5/2022 12:00:00 AM
303;1;15369,47;15216,53;10/4/2022 12:00:00 AM
304;1;15308,16;15155,84;10/3/2022 12:00:00 AM
305;1;15323,24;15170,76;9/30/2022 12:00:00 AM
306;1;15319,22;15166,78;9/29/2022 12:00:00 AM
307;1;15230,77;15079,23;9/28/2022 12:00:00 AM
308;1;15194,59;15043,41;9/27/2022 12:00:00 AM
309;1;15110,17;14959,83;9/26/2022 12:00:00 AM
310;1;15108,17;14957,83;9/23/2022 12:00:00 AM
311;1;15086,06;14935,94;9/22/2022 12:00:00 AM
312;1;15049,88;14900,13;9/21/2022 12:00:00 AM
313;1;15054,9;14905,1;9/20/2022 12:00:00 AM
314;1;15013,69;14864,31;9/19/2022 12:00:00 AM
315;1;14973,5;14824,5;9/16/2022 12:00:00 AM
316;1;14997,61;14848,39;9/15/2022 12:00:00 AM
317;1;14935,31;14786,69;9/14/2022 12:00:00 AM
318;1;14913,19;14764,81;9/13/2022 12:00:00 AM
319;1;14920,23;14771,77;9/12/2022 12:00:00 AM
320;1;14979,52;14830,48;9/9/2022 12:00:00 AM
321;1;15001,64;14852,36;9/8/2022 12:00:00 AM
322;1;14959,42;14810,58;9/7/2022 12:00:00 AM
323;1;14994,6;14845,4;9/6/2022 12:00:00 AM
324;1;14974,5;14825,5;9/5/2022 12:00:00 AM
325;1;14958,42;14809,58;9/2/2022 12:00:00 AM
326;1;14927,26;14778,74;9/1/2022 12:00:00 AM
327;1;14949,38;14800,63;8/31/2022 12:00:00 AM
328;1;14961,43;14812,57;8/30/2022 12:00:00 AM
329;1;14888,07;14739,93;8/29/2022 12:00:00 AM
330;1;14901,14;14752,86;8/26/2022 12:00:00 AM
331;1;14925,25;14776,75;8/25/2022 12:00:00 AM
332;1;14967,47;14818,53;8/24/2022 12:00:00 AM
333;1;14956,41;14807,59;8/23/2022 12:00:00 AM
334;1;14932,29;14783,71;8/22/2022 12:00:00 AM
335;1;14896,11;14747,89;8/19/2022 12:00:00 AM
336;1;14840,83;14693,17;8/18/2022 12:00:00 AM
337;1;14800,64;14653,36;8/16/2022 12:00:00 AM
338;1;14761,44;14614,56;8/15/2022 12:00:00 AM
339;1;14873;14725;8/12/2022 12:00:00 AM
340;1;14949,38;14800,63;8/11/2022 12:00:00 AM
341;1;14936,31;14787,69;8/10/2022 12:00:00 AM
342;1;14989,58;14840,42;8/9/2022 12:00:00 AM
343;1;14978,52;14829,48;8/8/2022 12:00:00 AM
344;1;15003,65;14854,35;8/5/2022 12:00:00 AM
345;1;14991,58;14842,42;8/4/2022 12:00:00 AM
346;1;14962,44;14813,56;8/3/2022 12:00:00 AM
347;1;14948,37;14799,63;8/2/2022 12:00:00 AM
348;1;14934,3;14785,7;8/1/2022 12:00:00 AM
349;1;15032,79;14883,21;7/29/2022 12:00:00 AM
350;1;15095,1;14944,9;7/28/2022 12:00:00 AM
351;1;15058,92;14909,08;7/27/2022 12:00:00 AM
352;1;15066,96;14917,04;7/26/2022 12:00:00 AM
353;1;15099,12;14948,88;7/25/2022 12:00:00 AM
354;1;15092,08;14941,92;7/22/2022 12:00:00 AM
355;1;15058,92;14909,08;7/21/2022 12:00:00 AM
356;1;15066,96;14917,04;7/20/2022 12:00:00 AM
357;1;15060,93;14911,07;7/19/2022 12:00:00 AM
358;1;15074;14924;7/18/2022 12:00:00 AM
359;1;15074;14924;7/15/2022 12:00:00 AM
360;1;15059,92;14910,08;7/14/2022 12:00:00 AM
361;1;15067,97;14918,03;7/13/2022 12:00:00 AM
362;1;15043,84;14894,16;7/12/2022 12:00:00 AM
363;1;15055,91;14906,1;7/11/2022 12:00:00 AM
364;1;15060,93;14911,07;7/8/2022 12:00:00 AM
365;1;15090,08;14939,93;7/7/2022 12:00:00 AM
366;1;15064,95;14915,05;7/6/2022 12:00:00 AM
367;1;15034,8;14885,2;7/5/2022 12:00:00 AM
368;1;15030,78;14881,22;7/4/2022 12:00:00 AM
369;1;14956,41;14807,59;7/1/2022 12:00:00 AM
370;1;14922,24;14773,76;6/30/2022 12:00:00 AM
371;1;14911,19;14762,82;6/29/2022 12:00:00 AM
372;1;14876,01;14727,99;6/28/2022 12:00:00 AM
373;1;14920,23;14771,77;6/27/2022 12:00:00 AM
374;1;14909,18;14760,83;6/24/2022 12:00:00 AM
375;1;14934,3;14785,7;6/23/2022 12:00:00 AM
376;1;14878,02;14729,98;6/22/2022 12:00:00 AM
377;1;14910,18;14761,82;6/21/2022 12:00:00 AM
378;1;14902,14;14753,86;6/20/2022 12:00:00 AM
379;1;14814,71;14667,3;6/17/2022 12:00:00 AM
380;1;14819,73;14672,27;6/16/2022 12:00:00 AM
381;1;14802,65;14655,36;6/15/2022 12:00:00 AM
382;1;14745,36;14598,64;6/14/2022 12:00:00 AM
383;1;14641,85;14496,16;6/13/2022 12:00:00 AM
384;1;14627,78;14482,23;6/10/2022 12:00:00 AM
385;1;14549,39;14404,62;6/9/2022 12:00:00 AM
386;1;14536,32;14391,68;6/8/2022 12:00:00 AM
387;1;14534,31;14389,69;6/7/2022 12:00:00 AM
388;1;14503,16;14358,85;6/6/2022 12:00:00 AM
389;1;14598,63;14453,37;6/3/2022 12:00:00 AM
390;1;14664,96;14519,04;6/2/2022 12:00:00 AM
391;1;14616,72;14471,28;5/31/2022 12:00:00 AM
392;1;14650,89;14505,11;5/30/2022 12:00:00 AM
393;1;14718,23;14571,78;5/27/2022 12:00:00 AM
394;1;14726,27;14579,74;5/25/2022 12:00:00 AM
395;1;14738,33;14591,68;5/24/2022 12:00:00 AM
396;1;14734,31;14587,7;5/23/2022 12:00:00 AM
397;1;14804,66;14657,35;5/20/2022 12:00:00 AM
398;1;14755,41;14608,59;5/19/2022 12:00:00 AM
399;1;14724,26;14577,75;5/18/2022 12:00:00 AM
400;1;14692,1;14545,91;5/17/2022 12:00:00 AM
401;1;14657,93;14512,08;5/13/2022 12:00:00 AM
402;1;14618,73;14473,27;5/12/2022 12:00:00 AM
403;1;14618,73;14473,27;5/11/2022 12:00:00 AM
404;1;14606,67;14461,33;5/10/2022 12:00:00 AM
405;1;14552,4;14407,6;5/9/2022 12:00:00 AM
406;1;14490,09;14345,91;4/28/2022 12:00:00 AM
407;1;14484,06;14339,94;4/27/2022 12:00:00 AM
408;1;14524,26;14379,74;4/26/2022 12:00:00 AM
409;1;14432,81;14289,2;4/25/2022 12:00:00 AM
410;1;14419,74;14276,26;4/22/2022 12:00:00 AM
411;1;14422,76;14279,25;4/21/2022 12:00:00 AM
412;1;14418,74;14275,27;4/20/2022 12:00:00 AM
413;1;14427,78;14284,22;4/19/2022 12:00:00 AM
414;1;14420,75;14277,26;4/18/2022 12:00:00 AM
415;1;14430,8;14287,21;4/14/2022 12:00:00 AM
416;1;14435,82;14292,18;4/13/2022 12:00:00 AM
417;1;14441,85;14298,15;4/12/2022 12:00:00 AM
418;1;14436,83;14293,18;4/11/2022 12:00:00 AM
419;1;14430,8;14287,21;4/8/2022 12:00:00 AM
420;1;14435,82;14292,18;4/7/2022 12:00:00 AM
421;1;14419,74;14276,26;4/6/2022 12:00:00 AM
422;1;14433,81;14290,19;4/5/2022 12:00:00 AM
423;1;14435,82;14292,18;4/4/2022 12:00:00 AM
424;1;14428,79;14285,22;4/1/2022 12:00:00 AM
425;1;14420,75;14277,26;3/31/2022 12:00:00 AM
426;1;14435,82;14292,18;3/30/2022 12:00:00 AM
427;1;14431,8;14288,2;3/29/2022 12:00:00 AM
428;1;14412,71;14269,3;3/28/2022 12:00:00 AM
429;1;14432,81;14289,2;3/25/2022 12:00:00 AM
430;1;14422,76;14279,25;3/24/2022 12:00:00 AM
431;1;14429,79;14286,21;3/23/2022 12:00:00 AM
432;1;14412,71;14269,3;3/22/2022 12:00:00 AM
433;1;14411,7;14268,3;3/21/2022 12:00:00 AM
434;1;14361,45;14218,55;3/18/2022 12:00:00 AM
435;1;14382,56;14239,45;3/17/2022 12:00:00 AM
436;1;14392,61;14249,4;3/16/2022 12:00:00 AM
437;1;14399,64;14256,36;3/15/2022 12:00:00 AM
438;1;14377,53;14234,47;3/14/2022 12:00:00 AM
439;1;14369,49;14226,51;3/11/2022 12:00:00 AM
440;1;14442,86;14299,15;3/10/2022 12:00:00 AM
441;1;14465,97;14322,03;3/9/2022 12:00:00 AM
442;1;14483,06;14338,95;3/8/2022 12:00:00 AM
443;1;14454,92;14311,09;3/7/2022 12:00:00 AM
444;1;14444,87;14301,14;3/4/2022 12:00:00 AM
445;1;14421,75;14278,25;3/2/2022 12:00:00 AM
446;1;14440,85;14297,16;3/1/2022 12:00:00 AM
447;1;14442,86;14299,15;2/25/2022 12:00:00 AM
448;1;14426,78;14283,23;2/24/2022 12:00:00 AM
449;1;14433,81;14290,19;2/23/2022 12:00:00 AM
450;1;14400,65;14257,36;2/22/2022 12:00:00 AM
451;1;14410,7;14267,31;2/21/2022 12:00:00 AM
452;1;14372,51;14229,5;2/18/2022 12:00:00 AM
453;1;14349,39;14206,61;2/17/2022 12:00:00 AM
454;1;14363,46;14220,54;2/16/2022 12:00:00 AM
455;1;14409,69;14266,31;2/15/2022 12:00:00 AM
456;1;14430,8;14287,21;2/14/2022 12:00:00 AM
457;1;14415,72;14272,28;2/11/2022 12:00:00 AM
458;1;14437,83;14294,17;2/10/2022 12:00:00 AM
459;1;14456,93;14313,08;2/9/2022 12:00:00 AM
460;1;14476,02;14331,98;2/8/2022 12:00:00 AM
461;1;14447,88;14304,12;2/7/2022 12:00:00 AM
462;1;14452,91;14309,1;2/4/2022 12:00:00 AM
463;1;14418,74;14275,27;2/3/2022 12:00:00 AM
464;1;14463,96;14320,04;2/2/2022 12:00:00 AM
465;1;14452,91;14309,1;1/31/2022 12:00:00 AM
466;1;14456,93;14313,08;1/28/2022 12:00:00 AM
467;1;14417,73;14274,27;1/27/2022 12:00:00 AM
468;1;14429,79;14286,21;1/26/2022 12:00:00 AM
469;1;14398,64;14255,37;1/25/2022 12:00:00 AM
470;1;14418,74;14275,27;1/24/2022 12:00:00 AM
471;1;14425,77;14282,23;1/21/2022 12:00:00 AM
472;1;14441,85;14298,15;1/20/2022 12:00:00 AM
473;1;14396,63;14253,38;1/19/2022 12:00:00 AM
474;1;14394,62;14251,39;1/18/2022 12:00:00 AM
475;1;14381,55;14238,45;1/17/2022 12:00:00 AM
476;1;14382,56;14239,45;1/14/2022 12:00:00 AM
477;1;14373,51;14230,49;1/13/2022 12:00:00 AM
478;1;14370,5;14227,51;1/12/2022 12:00:00 AM
479;1;14394,62;14251,39;1/11/2022 12:00:00 AM
480;1;14431,8;14288,2;1/10/2022 12:00:00 AM
481;1;14467,98;14324,02;1/7/2022 12:00:00 AM
482;1;14436,83;14293,18;1/6/2022 12:00:00 AM
483;1;14381,55;14238,45;1/5/2022 12:00:00 AM
484;1;14341,35;14198,65;1/4/2022 12:00:00 AM
485;1;14349,39;14206,61;1/3/2022 12:00:00 AM
486;1;14340,35;14197,66;12/31/2021 12:00:00 AM
487;1;14336,33;14193,68;12/30/2021 12:00:00 AM
488;1;14308,19;14165,82;12/29/2021 12:00:00 AM
489;1;14296,13;14153,88;12/28/2021 12:00:00 AM
490;1;14290,1;14147,91;12/27/2021 12:00:00 AM
491;1;14322,26;14179,75;12/24/2021 12:00:00 AM
492;1;14335,32;14192,68;12/23/2021 12:00:00 AM
493;1;14420,75;14277,26;12/22/2021 12:00:00 AM
494;1;14455,92;14312,08;12/21/2021 12:00:00 AM
495;1;14414,72;14271,29;12/20/2021 12:00:00 AM
496;1;14414,72;14271,29;12/17/2021 12:00:00 AM
497;1;14408,69;14265,32;12/16/2021 12:00:00 AM
498;1;14419,74;14276,26;12/15/2021 12:00:00 AM
499;1;14417,73;14274,27;12/14/2021 12:00:00 AM
500;1;14449,89;14306,11;12/13/2021 12:00:00 AM
501;1;14422,76;14279,25;12/10/2021 12:00:00 AM
502;1;14419,74;14276,26;12/9/2021 12:00:00 AM
503;1;14480,04;14335,96;12/8/2021 12:00:00 AM
504;1;14513,21;14368,8;12/7/2021 12:00:00 AM
505;1;14480,04;14335,96;12/6/2021 12:00:00 AM
506;1;14449,89;14306,11;12/3/2021 12:00:00 AM
507;1;14424,77;14281,24;12/2/2021 12:00:00 AM
508;1;14391,6;14248,4;12/1/2021 12:00:00 AM
509;1;14411,7;14268,3;11/30/2021 12:00:00 AM
510;1;14351,4;14208,6;11/29/2021 12:00:00 AM
511;1;14351,4;14208,6;11/26/2021 12:00:00 AM
512;1;14343,36;14200,64;11/25/2021 12:00:00 AM
513;1;14343,36;14200,64;11/24/2021 12:00:00 AM
514;1;14326,28;14183,73;11/23/2021 12:00:00 AM
515;1;14308,19;14165,82;11/22/2021 12:00:00 AM
516;1;14302,16;14159,85;11/19/2021 12:00:00 AM
517;1;14330,3;14187,71;11/18/2021 12:00:00 AM
518;1;14282,06;14139,95;11/17/2021 12:00:00 AM
519;1;14277,03;14134,97;11/16/2021 12:00:00 AM
520;1;14314,22;14171,79;11/15/2021 12:00:00 AM
521;1;14359,44;14216,56;11/12/2021 12:00:00 AM
522;1;14324,27;14181,74;11/11/2021 12:00:00 AM
523;1;14304,17;14161,84;11/10/2021 12:00:00 AM
524;1;14339,34;14196,66;11/9/2021 12:00:00 AM
525;1;14445,87;14302,13;11/8/2021 12:00:00 AM
526;1;14398,64;14255,37;11/5/2021 12:00:00 AM
527;1;14372,51;14229,5;11/4/2021 12:00:00 AM
528;1;14332,31;14189,7;11/3/2021 12:00:00 AM
529;1;14306,18;14163,83;11/2/2021 12:00:00 AM
530;1;14241,86;14100,15;11/1/2021 12:00:00 AM
531;1;14270;14128,01;10/29/2021 12:00:00 AM
532;1;14254,92;14113,08;10/28/2021 12:00:00 AM
533;1;14235,83;14094,18;10/27/2021 12:00:00 AM
534;1;14253,92;14112,09;10/26/2021 12:00:00 AM
535;1;14232,81;14091,19;10/25/2021 12:00:00 AM
536;1;14203,67;14062,34;10/22/2021 12:00:00 AM
537;1;14150,4;14009,6;10/21/2021 12:00:00 AM
538;1;14166,48;14025,52;10/19/2021 12:00:00 AM
539;1;14154,42;14013,58;10/18/2021 12:00:00 AM
540;1;14225,78;14084,23;10/15/2021 12:00:00 AM
541;1;14292,11;14149,9;10/14/2021 12:00:00 AM
542;1;14288,09;14145,92;10/13/2021 12:00:00 AM
543;1;14281,05;14138,95;10/12/2021 12:00:00 AM
544;1;14296,13;14153,88;10/11/2021 12:00:00 AM
545;1;14309,19;14166,81;10/8/2021 12:00:00 AM
546;1;14316,23;14173,78;10/7/2021 12:00:00 AM
547;1;14331,3;14188,7;10/6/2021 12:00:00 AM
548;1;14347,38;14204,62;10/5/2021 12:00:00 AM
549;1;14386,58;14243,43;10/4/2021 12:00:00 AM
550;1;14392,61;14249,4;10/1/2021 12:00:00 AM
551;1;14378,54;14235,47;9/30/2021 12:00:00 AM
552;1;14340,35;14197,66;9/29/2021 12:00:00 AM
553;1;14329,29;14186,71;9/28/2021 12:00:00 AM
554;1;14321,25;14178,75;9/27/2021 12:00:00 AM
555;1;14327,28;14184,72;9/24/2021 12:00:00 AM
556;1;14320,25;14177,76;9/23/2021 12:00:00 AM
557;1;14315,22;14172,78;9/22/2021 12:00:00 AM
558;1;14322,26;14179,75;9/21/2021 12:00:00 AM
559;1;14304,17;14161,84;9/20/2021 12:00:00 AM
560;1;14309,19;14166,81;9/17/2021 12:00:00 AM
561;1;14323,26;14180,74;9/16/2021 12:00:00 AM
562;1;14328,29;14185,72;9/15/2021 12:00:00 AM
563;1;14331,3;14188,7;9/14/2021 12:00:00 AM
564;1;14296,13;14153,88;9/13/2021 12:00:00 AM
565;1;14343,36;14200,64;9/10/2021 12:00:00 AM
566;1;14337,33;14194,67;9/9/2021 12:00:00 AM
567;1;14265,98;14124,03;9/8/2021 12:00:00 AM
568;1;14310,2;14167,81;9/7/2021 12:00:00 AM
569;1;14332,31;14189,7;9/6/2021 12:00:00 AM
570;1;14352,41;14209,6;9/3/2021 12:00:00 AM
571;1;14355,42;14212,58;9/2/2021 12:00:00 AM
572;1;14377,53;14234,47;9/1/2021 12:00:00 AM
573;1;14445,87;14302,13;8/31/2021 12:00:00 AM
574;1;14503,16;14358,85;8/30/2021 12:00:00 AM
575;1;14495,12;14350,89;8/27/2021 12:00:00 AM
576;1;14480,04;14335,96;8/26/2021 12:00:00 AM
577;1;14462,96;14319,05;8/25/2021 12:00:00 AM
578;1;14487,08;14342,93;8/24/2021 12:00:00 AM
579;1;14536,32;14391,68;8/23/2021 12:00:00 AM
580;1;14486,07;14341,93;8/20/2021 12:00:00 AM
581;1;14455,92;14312,08;8/19/2021 12:00:00 AM
582;1;14454,92;14311,09;8/18/2021 12:00:00 AM
583;1;14459,94;14316,06;8/16/2021 12:00:00 AM
584;1;14460,95;14317,06;8/13/2021 12:00:00 AM
585;1;14468,99;14325,02;8/12/2021 12:00:00 AM
586;1;14449,89;14306,11;8/10/2021 12:00:00 AM
587;1;14440,85;14297,16;8/9/2021 12:00:00 AM
588;1;14413,71;14270,29;8/6/2021 12:00:00 AM
589;1;14395,62;14252,38;8/5/2021 12:00:00 AM
590;1;14433,81;14290,19;8/4/2021 12:00:00 AM
591;1;14528,28;14383,72;8/3/2021 12:00:00 AM
592;1;14534,31;14389,69;8/2/2021 12:00:00 AM
593;1;14563,46;14418,55;7/30/2021 12:00:00 AM
594;1;14570,49;14425,51;7/29/2021 12:00:00 AM
595;1;14561,45;14416,56;7/28/2021 12:00:00 AM
596;1;14566,47;14421,53;7/27/2021 12:00:00 AM
597;1;14573,51;14428,5;7/26/2021 12:00:00 AM
598;1;14580,54;14435,46;7/23/2021 12:00:00 AM
599;1;14626,77;14481,23;7/22/2021 12:00:00 AM
600;1;14596,62;14451,38;7/21/2021 12:00:00 AM
601;1;14589,59;14444,42;7/19/2021 12:00:00 AM
602;1;14575,52;14430,49;7/16/2021 12:00:00 AM
603;1;14565,47;14420,54;7/15/2021 12:00:00 AM
604;1;14558,43;14413,57;7/14/2021 12:00:00 AM
605;1;14558,43;14413,57;7/13/2021 12:00:00 AM
606;1;14620,74;14475,26;7/12/2021 12:00:00 AM
607;1;14620,74;14475,26;7/9/2021 12:00:00 AM
608;1;14572,5;14427,5;7/8/2021 12:00:00 AM
609;1;14540,34;14395,66;7/7/2021 12:00:00 AM
610;1;14554,41;14409,59;7/6/2021 12:00:00 AM
611;1;14636,82;14491,18;7/5/2021 12:00:00 AM
612;1;14611,7;14466,31;7/2/2021 12:00:00 AM
613;1;14614,71;14469,29;7/1/2021 12:00:00 AM
614;1;14568,48;14423,52;6/30/2021 12:00:00 AM
615;1;14544,36;14399,64;6/29/2021 12:00:00 AM
616;1;14519,24;14374,77;6/28/2021 12:00:00 AM
617;1;14534,31;14389,69;6/25/2021 12:00:00 AM
618;1;14526,27;14381,73;6/24/2021 12:00:00 AM
619;1;14493,11;14348,9;6/23/2021 12:00:00 AM
620;1;14525,27;14380,74;6/22/2021 12:00:00 AM
621;1;14475,02;14330,99;6/21/2021 12:00:00 AM
622;1;14449,89;14306,11;6/18/2021 12:00:00 AM
623;1;14328,29;14185,72;6/17/2021 12:00:00 AM
624;1;14315,22;14172,78;6/16/2021 12:00:00 AM
625;1;14293,11;14150,89;6/15/2021 12:00:00 AM
626;1;14277,03;14134,97;6/14/2021 12:00:00 AM
627;1;14311,2;14168,8;6/11/2021 12:00:00 AM
628;1;14333,31;14190,69;6/10/2021 12:00:00 AM
629;1;14333,31;14190,69;6/9/2021 12:00:00 AM
630;1;14342,36;14199,65;6/8/2021 12:00:00 AM
631;1;14387,58;14244,42;6/7/2021 12:00:00 AM
632;1;14368,49;14225,52;6/4/2021 12:00:00 AM
633;1;14347,38;14204,62;6/3/2021 12:00:00 AM
634;1;14363,46;14220,54;6/2/2021 12:00:00 AM
635;1;14381,55;14238,45;6/1/2021 12:00:00 AM
636;1;14381,55;14238,45;5/31/2021 12:00:00 AM
637;1;14383,56;14240,44;5/28/2021 12:00:00 AM
638;1;14406,68;14263,33;5/27/2021 12:00:00 AM
639;1;14433,81;14290,19;5/26/2021 12:00:00 AM
640;1;14433,81;14290,19;5/25/2021 12:00:00 AM
641;1;14446,88;14303,13;5/24/2021 12:00:00 AM
642;1;14467,98;14324,02;5/21/2021 12:00:00 AM
643;1;14384,57;14241,44;5/20/2021 12:00:00 AM
644;1;14371,5;14228,5;5/19/2021 12:00:00 AM
645;1;14355,42;14212,58;5/18/2021 12:00:00 AM
646;1;14274,02;14131,99;5/17/2021 12:00:00 AM
647;1;14268,99;14127,01;5/14/2021 12:00:00 AM
648;1;14268,99;14127,01;5/13/2021 12:00:00 AM
649;1;14268,99;14127,01;5/12/2021 12:00:00 AM
650;1;14268,99;14127,01;5/11/2021 12:00:00 AM
651;1;14360,45;14217,56;5/10/2021 12:00:00 AM
652;1;14435,82;14292,18;5/7/2021 12:00:00 AM
653;1;14511,2;14366,81;5/6/2021 12:00:00 AM
654;1;14503,16;14358,85;5/5/2021 12:00:00 AM
655;1;14539,34;14394,67;5/4/2021 12:00:00 AM
656;1;14525,27;14380,74;5/3/2021 12:00:00 AM
657;1;14540,34;14395,66;4/30/2021 12:00:00 AM
658;1;14582,55;14437,45;4/29/2021 12:00:00 AM
659;1;14569,49;14424,52;4/28/2021 12:00:00 AM
660;1;14561,45;14416,56;4/27/2021 12:00:00 AM
661;1;14620,74;14475,26;4/26/2021 12:00:00 AM
662;1;14602,65;14457,35;4/23/2021 12:00:00 AM
663;1;14621,75;14476,26;4/22/2021 12:00:00 AM
664;1;14580,54;14435,46;4/21/2021 12:00:00 AM
665;1;14640,84;14495,16;4/20/2021 12:00:00 AM
666;1;14664,96;14519,04;4/19/2021 12:00:00 AM
667;1;14719,23;14572,77;4/16/2021 12:00:00 AM
668;1;14706,17;14559,84;4/15/2021 12:00:00 AM
669;1;14721,24;14574,76;4/14/2021 12:00:00 AM
670;1;14704,16;14557,85;4/13/2021 12:00:00 AM
671;1;14652,9;14507,1;4/12/2021 12:00:00 AM
672;1;14652,9;14507,1;4/9/2021 12:00:00 AM
673;1;14585,57;14440,44;4/8/2021 12:00:00 AM
674;1;14591,6;14446,41;4/7/2021 12:00:00 AM
675;1;14605,67;14460,34;4/6/2021 12:00:00 AM
676;1;14656,92;14511,08;4/5/2021 12:00:00 AM
677;1;14649,89;14504,12;4/2/2021 12:00:00 AM
678;1;14649,89;14504,12;4/1/2021 12:00:00 AM
679;1;14644,86;14499,14;3/31/2021 12:00:00 AM
680;1;14553,41;14408,6;3/30/2021 12:00:00 AM
681;1;14506,17;14361,83;3/29/2021 12:00:00 AM
682;1;14518,23;14373,77;3/26/2021 12:00:00 AM
683;1;14536,32;14391,68;3/25/2021 12:00:00 AM
684;1;14527,28;14382,73;3/24/2021 12:00:00 AM
685;1;14493,11;14348,9;3/23/2021 12:00:00 AM
686;1;14528,28;14383,72;3/22/2021 12:00:00 AM
687;1;14548,38;14403,62;3/19/2021 12:00:00 AM
688;1;14484,06;14339,94;3/18/2021 12:00:00 AM
689;1;14531,3;14386,71;3/17/2021 12:00:00 AM
690;1;14496,12;14351,88;3/16/2021 12:00:00 AM
691;1;14490,09;14345,91;3/15/2021 12:00:00 AM
692;1;14442,86;14299,15;3/12/2021 12:00:00 AM
693;1;14493,11;14348,9;3/11/2021 12:00:00 AM
694;1;14493,11;14348,9;3/10/2021 12:00:00 AM
695;1;14540,34;14395,66;3/9/2021 12:00:00 AM
696;1;14461,95;14318,05;3/8/2021 12:00:00 AM
697;1;14442,86;14299,15;3/5/2021 12:00:00 AM
698;1;14370,5;14227,51;3/4/2021 12:00:00 AM
699;1;14405,67;14262,33;3/3/2021 12:00:00 AM
700;1;14378,54;14235,47;3/2/2021 12:00:00 AM
701;1;14371,5;14228,5;3/1/2021 12:00:00 AM
702;1;14300,15;14157,86;2/26/2021 12:00:00 AM
703;1;14174,52;14033,48;2/25/2021 12:00:00 AM
704;1;14159,45;14018,56;2/24/2021 12:00:00 AM
705;1;14196,63;14055,37;2/23/2021 12:00:00 AM
706;1;14168,49;14027,51;2/22/2021 12:00:00 AM
707;1;14155,43;14014,58;2/19/2021 12:00:00 AM
708;1;14129,3;13988,71;2/18/2021 12:00:00 AM
709;1;14089,1;13948,91;2/17/2021 12:00:00 AM
710;1;13944,38;13805,63;2/16/2021 12:00:00 AM
711;1;14015,73;13876,27;2/15/2021 12:00:00 AM
712;1;14081,06;13940,95;2/12/2021 12:00:00 AM
713;1;14081,06;13940,95;2/11/2021 12:00:00 AM
714;1;14058,95;13919,06;2/10/2021 12:00:00 AM
715;1;14070;13930;2/9/2021 12:00:00 AM
716;1;14070;13930;2/8/2021 12:00:00 AM
717;1;14132,31;13991,69;2/5/2021 12:00:00 AM
718;1;14106,18;13965,82;2/4/2021 12:00:00 AM
719;1;14087,09;13946,92;2/3/2021 12:00:00 AM
720;1;14114,22;13973,78;2/2/2021 12:00:00 AM
721;1;14112,21;13971,79;2/1/2021 12:00:00 AM
722;1;14154,42;14013,58;1/29/2021 12:00:00 AM
723;1;14189,6;14048,41;1/28/2021 12:00:00 AM
724;1;14161,46;14020,55;1/27/2021 12:00:00 AM
725;1;14156,43;14015,57;1/26/2021 12:00:00 AM
726;1;14152,41;14011,59;1/25/2021 12:00:00 AM
727;1;14124,27;13983,73;1/22/2021 12:00:00 AM
728;1;14109,2;13968,81;1/21/2021 12:00:00 AM
729;1;14135,33;13994,68;1/20/2021 12:00:00 AM
730;1;14156,43;14015,57;1/19/2021 12:00:00 AM
731;1;14150,4;14009,6;1/18/2021 12:00:00 AM
732;1;14138,34;13997,66;1/15/2021 12:00:00 AM
733;1;14189,6;14048,41;1/14/2021 12:00:00 AM
734;1;14179,55;14038,46;1/13/2021 12:00:00 AM
735;1;14302,16;14159,85;1/12/2021 12:00:00 AM
736;1;14225,78;14084,23;1/11/2021 12:00:00 AM
737;1;14128,29;13987,71;1/8/2021 12:00:00 AM
738;1;14007,69;13868,31;1/7/2021 12:00:00 AM
739;1;13995,63;13856,37;1/6/2021 12:00:00 AM
740;1;14014,73;13875,28;1/5/2021 12:00:00 AM
741;1;13972,52;13833,49;1/4/2021 12:00:00 AM
742;1;14175,53;14034,48;12/31/2020 12:00:00 AM
743;1;14175,53;14034,48;12/30/2020 12:00:00 AM
744;1;14239,85;14098,16;12/29/2020 12:00:00 AM
745;1;14254,92;14113,08;12/28/2020 12:00:00 AM
746;1;14353,41;14210,59;12/25/2020 12:00:00 AM
747;1;14353,41;14210,59;12/24/2020 12:00:00 AM
748;1;14353,41;14210,59;12/23/2020 12:00:00 AM
749;1;14289,09;14146,91;12/22/2020 12:00:00 AM
750;1;14250,9;14109,1;12/21/2020 12:00:00 AM
751;1;14216,73;14075,27;12/18/2020 12:00:00 AM
752;1;14222,76;14081,24;12/17/2020 12:00:00 AM
753;1;14221,76;14080,25;12/16/2020 12:00:00 AM
754;1;14241,86;14100,15;12/15/2020 12:00:00 AM
755;1;14228,79;14087,21;12/14/2020 12:00:00 AM
756;1;14172,51;14031,49;12/11/2020 12:00:00 AM
757;1;14200,65;14059,35;12/10/2020 12:00:00 AM
758;1;14234,82;14093,18;12/9/2020 12:00:00 AM
759;1;14234,82;14093,18;12/8/2020 12:00:00 AM
760;1;14205,68;14064,33;12/7/2020 12:00:00 AM
761;1;14252,91;14111,09;12/4/2020 12:00:00 AM
762;1;14247,89;14106,12;12/3/2020 12:00:00 AM
763;1;14234,82;14093,18;12/2/2020 12:00:00 AM
764;1;14248,89;14107,11;12/1/2020 12:00:00 AM
765;1;14198,64;14057,36;11/30/2020 12:00:00 AM
766;1;14215,73;14074,28;11/27/2020 12:00:00 AM
767;1;14200,65;14059,35;11/26/2020 12:00:00 AM
768;1;14239,85;14098,16;11/25/2020 12:00:00 AM
769;1;14266,98;14125,02;11/24/2020 12:00:00 AM
770;1;14234,82;14093,18;11/23/2020 12:00:00 AM
771;1;14299,14;14156,86;11/20/2020 12:00:00 AM
772;1;14237,84;14096,17;11/19/2020 12:00:00 AM
773;1;14188,59;14047,41;11/18/2020 12:00:00 AM
774;1;14143,37;14002,64;11/17/2020 12:00:00 AM
775;1;14209,7;14068,31;11/16/2020 12:00:00 AM
776;1;14293,11;14150,89;11/13/2020 12:00:00 AM
777;1;14257,94;14116,07;11/12/2020 12:00:00 AM
778;1;14146,38;14005,62;11/11/2020 12:00:00 AM
779;1;14085,08;13944,93;11/10/2020 12:00:00 AM
780;1;14242,86;14101,14;11/9/2020 12:00:00 AM
781;1;14392,61;14249,4;11/6/2020 12:00:00 AM
782;1;14511,2;14366,81;11/5/2020 12:00:00 AM
783;1;14629,79;14484,22;11/4/2020 12:00:00 AM
784;1;14682,05;14535,96;11/3/2020 12:00:00 AM
785;1;14791,59;14644,41;11/2/2020 12:00:00 AM
786;1;14763,45;14616,55;10/30/2020 12:00:00 AM
787;1;14763,45;14616,55;10/29/2020 12:00:00 AM
788;1;14763,45;14616,55;10/28/2020 12:00:00 AM
789;1;14763,45;14616,55;10/27/2020 12:00:00 AM
790;1;14770,49;14623,52;10/26/2020 12:00:00 AM
791;1;14811,69;14664,31;10/23/2020 12:00:00 AM
792;1;14770,49;14623,52;10/22/2020 12:00:00 AM
793;1;14731,29;14584,71;10/21/2020 12:00:00 AM
794;1;14802,65;14655,36;10/20/2020 12:00:00 AM
795;1;14814,71;14667,3;10/19/2020 12:00:00 AM
796;1;14839,83;14692,17;10/16/2020 12:00:00 AM
797;1;14833,8;14686,2;10/15/2020 12:00:00 AM
798;1;14853,9;14706,1;10/14/2020 12:00:00 AM
799;1;14866,97;14719,04;10/13/2020 12:00:00 AM
800;1;14819,73;14672,27;10/12/2020 12:00:00 AM
801;1;14810,69;14663,32;10/9/2020 12:00:00 AM
802;1;14823,75;14676,25;10/8/2020 12:00:00 AM
803;1;14857,92;14710,08;10/7/2020 12:00:00 AM
804;1;14785,56;14638,44;10/6/2020 12:00:00 AM
805;1;14941,34;14792,67;10/5/2020 12:00:00 AM
806;1;14964,45;14815,55;10/2/2020 12:00:00 AM
807;1;14950,38;14801,62;10/1/2020 12:00:00 AM
808;1;14992,59;14843,41;9/30/2020 12:00:00 AM
809;1;14994,6;14845,4;9/29/2020 12:00:00 AM
810;1;15033,8;14884,21;9/28/2020 12:00:00 AM
811;1;15025,76;14876,25;9/25/2020 12:00:00 AM
812;1;15023,75;14874,26;9/24/2020 12:00:00 AM
813;1;14909,18;14760,83;9/23/2020 12:00:00 AM
814;1;14855,91;14708,09;9/22/2020 12:00:00 AM
815;1;14796,62;14649,39;9/21/2020 12:00:00 AM
816;1;14841,84;14694,16;9/18/2020 12:00:00 AM
817;1;14952,39;14803,61;9/17/2020 12:00:00 AM
818;1;14918,22;14769,78;9/16/2020 12:00:00 AM
819;1;14944,35;14795,65;9/15/2020 12:00:00 AM
820;1;15048,87;14899,13;9/14/2020 12:00:00 AM
821;1;15053,9;14904,11;9/11/2020 12:00:00 AM
822;1;14945,36;14796,65;9/10/2020 12:00:00 AM
823;1;14927,27;14778,74;9/9/2020 12:00:00 AM
824;1;14871,99;14724,01;9/8/2020 12:00:00 AM
825;1;14827,77;14680,23;9/7/2020 12:00:00 AM
826;1;14865,96;14718,04;9/4/2020 12:00:00 AM
827;1;14892,09;14743,91;9/3/2020 12:00:00 AM
828;1;14878,02;14729,98;9/2/2020 12:00:00 AM
829;1;14688,08;14541,93;9/1/2020 12:00:00 AM
830;1;14626,77;14481,23;8/31/2020 12:00:00 AM
831;1;14775,51;14628,49;8/28/2020 12:00:00 AM
832;1;14787,57;14640,43;8/27/2020 12:00:00 AM
833;1;14709,18;14562,82;8/26/2020 12:00:00 AM
834;1;14705,16;14558,84;8/25/2020 12:00:00 AM
835;1;14867,97;14720,03;8/24/2020 12:00:00 AM
836;1;14859,93;14712,07;8/19/2020 12:00:00 AM
837;1;14981,54;14832,47;8/18/2020 12:00:00 AM
838;1;14991,59;14842,42;8/14/2020 12:00:00 AM
839;1;14951,39;14802,62;8/13/2020 12:00:00 AM
840;1;14850,89;14703,12;8/12/2020 12:00:00 AM
841;1;14801,64;14654,36;8/11/2020 12:00:00 AM
842;1;14823,75;14676,25;8/10/2020 12:00:00 AM
843;1;14720,24;14573,77;8/7/2020 12:00:00 AM
844;1;14659,94;14514,07;8/6/2020 12:00:00 AM
845;1;14696,12;14549,89;8/5/2020 12:00:00 AM
846;1;14770,49;14623,52;8/4/2020 12:00:00 AM
847;1;14786,57;14639,44;8/3/2020 12:00:00 AM
848;1;14726,27;14579,74;7/30/2020 12:00:00 AM
849;1;14642,85;14497,15;7/29/2020 12:00:00 AM
850;1;14615,72;14470,29;7/28/2020 12:00:00 AM
851;1;14678,03;14531,98;7/27/2020 12:00:00 AM
852;1;14687,07;14540,93;7/24/2020 12:00:00 AM
853;1;14742,35;14595,66;7/23/2020 12:00:00 AM
854;1;14728,28;14581,73;7/22/2020 12:00:00 AM
855;1;14887,07;14738,94;7/21/2020 12:00:00 AM
856;1;14906,16;14757,84;7/20/2020 12:00:00 AM
857;1;14853,9;14706,1;7/17/2020 12:00:00 AM
858;1;14705,16;14558,84;7/16/2020 12:00:00 AM
859;1;14689,08;14542,92;7/15/2020 12:00:00 AM
860;1;14584,56;14439,44;7/14/2020 12:00:00 AM
861;1;14558,43;14413,57;7/13/2020 12:00:00 AM
862;1;14573,51;14428,5;7/10/2020 12:00:00 AM
863;1;14518,23;14373,77;7/9/2020 12:00:00 AM
864;1;14532,3;14387,7;7/8/2020 12:00:00 AM
865;1;14528,28;14383,72;7/7/2020 12:00:00 AM
866;1;14619,74;14474,27;7/6/2020 12:00:00 AM
867;1;14638,83;14493,17;7/3/2020 12:00:00 AM
868;1;14588,58;14443,42;7/2/2020 12:00:00 AM
869;1;14412,71;14269,3;7/1/2020 12:00:00 AM
870;1;14373,51;14230,49;6/30/2020 12:00:00 AM
871;1;14440,85;14297,16;6/29/2020 12:00:00 AM
872;1;14310,2;14167,81;6/26/2020 12:00:00 AM
873;1;14302,16;14159,85;6/25/2020 12:00:00 AM
874;1;14230,8;14089,2;6/24/2020 12:00:00 AM
875;1;14336,33;14193,68;6/23/2020 12:00:00 AM
876;1;14280,05;14137,96;6/22/2020 12:00:00 AM
877;1;14313,21;14170,79;6/19/2020 12:00:00 AM
878;1;14256,93;14115,07;6/18/2020 12:00:00 AM
879;1;14305,17;14162,83;6/17/2020 12:00:00 AM
880;1;14225,78;14084,23;6/16/2020 12:00:00 AM
881;1;14299,14;14156,86;6/15/2020 12:00:00 AM
882;1;14328,29;14185,72;6/12/2020 12:00:00 AM
883;1;14084,07;13943,93;6/11/2020 12:00:00 AM
884;1;14153,42;14012,59;6/10/2020 12:00:00 AM
885;1;14042,87;13903,14;6/9/2020 12:00:00 AM
886;1;14025,78;13886,22;6/8/2020 12:00:00 AM
887;1;14170,5;14029,5;6/5/2020 12:00:00 AM
888;1;14235,83;14094,18;6/4/2020 12:00:00 AM
889;1;14316,23;14173,78;6/3/2020 12:00:00 AM
890;1;14574,51;14429,49;6/2/2020 12:00:00 AM
891;1;14806,67;14659,34;5/29/2020 12:00:00 AM
892;1;14842,85;14695,16;5/28/2020 12:00:00 AM
893;1;14834,81;14687,2;5/27/2020 12:00:00 AM
894;1;14847,87;14700,13;5/26/2020 12:00:00 AM
895;1;14858,93;14711,08;5/20/2020 12:00:00 AM
896;1;14897,12;14748,89;5/19/2020 12:00:00 AM
897;1;14959,43;14810,58;5/18/2020 12:00:00 AM
898;1;14983,55;14834,46;5/15/2020 12:00:00 AM
899;1;15020,73;14871,27;5/14/2020 12:00:00 AM
900;1;14961,44;14812,57;5/13/2020 12:00:00 AM
901;1;15052,89;14903,11;5/12/2020 12:00:00 AM
902;1;15010,68;14861,32;5/11/2020 12:00:00 AM
903;1;15084,05;14933,96;5/8/2020 12:00:00 AM
904;1;15202,64;15051,37;5/6/2020 12:00:00 AM
905;1;15179,52;15028,48;5/5/2020 12:00:00 AM
906;1;15148,37;14997,64;5/4/2020 12:00:00 AM
907;1;15232,79;15081,22;4/30/2020 12:00:00 AM
908;1;15492,08;15337,93;4/29/2020 12:00:00 AM
909;1;15565,44;15410,56;4/28/2020 12:00:00 AM
910;1;15668,96;15513,05;4/27/2020 12:00:00 AM
911;1;15630,77;15475,24;4/24/2020 12:00:00 AM
912;1;15708,15;15551,85;4/23/2020 12:00:00 AM
913;1;15644,84;15489,17;4/22/2020 12:00:00 AM
914;1;15721,22;15564,79;4/21/2020 12:00:00 AM
915;1;15620,72;15465,29;4/20/2020 12:00:00 AM
916;1;15580,52;15425,49;4/17/2020 12:00:00 AM
917;1;15865,94;15708,07;4/16/2020 12:00:00 AM
918;1;15785,54;15628,47;4/15/2020 12:00:00 AM
919;1;15800,61;15643,39;4/14/2020 12:00:00 AM
920;1;15919,2;15760,8;4/13/2020 12:00:00 AM
921;1;16322,21;16159,8;4/9/2020 12:00:00 AM
922;1;16326,23;16163,78;4/8/2020 12:00:00 AM
923;1;16492,05;16327,95;4/7/2020 12:00:00 AM
924;1;16638,78;16473,22;4/6/2020 12:00:00 AM
925;1;16546,32;16381,68;4/3/2020 12:00:00 AM
926;1;16824,71;16657,3;4/2/2020 12:00:00 AM
927;1;16495,07;16330,94;4/1/2020 12:00:00 AM
928;1;16448,84;16285,17;3/31/2020 12:00:00 AM
929;1;16417,68;16254,32;3/30/2020 12:00:00 AM
930;1;16311,15;16148,85;3/27/2020 12:00:00 AM
931;1;16409,64;16246,36;3/26/2020 12:00:00 AM
932;1;16568,43;16403,57;3/24/2020 12:00:00 AM
933;1;16691,04;16524,96;3/23/2020 12:00:00 AM
934;1;16354,37;16191,64;3/20/2020 12:00:00 AM
935;1;15790,56;15633,44;3/19/2020 12:00:00 AM
936;1;15299,12;15146,89;3/18/2020 12:00:00 AM
937;1;15158,42;15007,59;3/17/2020 12:00:00 AM
938;1;14892,09;14743,91;3/16/2020 12:00:00 AM
939;1;14889,08;14740,93;3/13/2020 12:00:00 AM
940;1;14562,45;14417,55;3/12/2020 12:00:00 AM
941;1;14394,62;14251,39;3/11/2020 12:00:00 AM
942;1;14483,06;14338,95;3/10/2020 12:00:00 AM
943;1;14413,71;14270,29;3/9/2020 12:00:00 AM
944;1;14338,34;14195,67;3/6/2020 12:00:00 AM
945;1;14238,84;14097,16;3/5/2020 12:00:00 AM
946;1;14241,86;14100,15;3/4/2020 12:00:00 AM
947;1;14293,11;14150,89;3/3/2020 12:00:00 AM
948;1;14485,07;14340,94;3/2/2020 12:00:00 AM
949;1;14305,17;14162,83;2/28/2020 12:00:00 AM
950;1;14088,09;13947,91;2/27/2020 12:00:00 AM
951;1;14035,83;13896,17;2/26/2020 12:00:00 AM
952;1;13962,47;13823,54;2/25/2020 12:00:00 AM
953;1;13932,32;13793,69;2/24/2020 12:00:00 AM
954;1;13845,89;13708,12;2/21/2020 12:00:00 AM
955;1;13803,68;13666,33;2/20/2020 12:00:00 AM
956;1;13785,59;13648,42;2/19/2020 12:00:00 AM
957;1;13744,38;13607,62;2/18/2020 12:00:00 AM
958;1;13761,47;13624,54;2/17/2020 12:00:00 AM
959;1;13775,54;13638,47;2/14/2020 12:00:00 AM
960;1;13747,4;13610,61;2/13/2020 12:00:00 AM
961;1;13727,3;13590,71;2/12/2020 12:00:00 AM
962;1;13754,43;13617,57;2/11/2020 12:00:00 AM
963;1;13776,54;13639,46;2/10/2020 12:00:00 AM
964;1;13715,24;13578,77;2/7/2020 12:00:00 AM
965;1;13730,31;13593,69;2/6/2020 12:00:00 AM
966;1;13785,59;13648,42;2/5/2020 12:00:00 AM
967;1;13828,8;13691,2;2/4/2020 12:00:00 AM
968;1;13794,63;13657,37;2/3/2020 12:00:00 AM
969;1;13730,31;13593,69;1/31/2020 12:00:00 AM
970;1;13720,26;13583,74;1/30/2020 12:00:00 AM
971;1;13702,17;13565,83;1/29/2020 12:00:00 AM
972;1;13715,24;13578,77;1/28/2020 12:00:00 AM
973;1;13680,06;13543,94;1/27/2020 12:00:00 AM
974;1;13700,16;13563,84;1/24/2020 12:00:00 AM
975;1;13694,13;13557,87;1/23/2020 12:00:00 AM
976;1;13746,39;13609,61;1/22/2020 12:00:00 AM
977;1;13726,29;13589,71;1/21/2020 12:00:00 AM
978;1;13722,27;13585,73;1/20/2020 12:00:00 AM
979;1;13716,24;13579,76;1/17/2020 12:00:00 AM
980;1;13726,29;13589,71;1/16/2020 12:00:00 AM
981;1;13774,53;13637,47;1/15/2020 12:00:00 AM
982;1;13722,27;13585,73;1/14/2020 12:00:00 AM
983;1;13776,54;13639,46;1/13/2020 12:00:00 AM
984;1;13881,06;13742,94;1/10/2020 12:00:00 AM
985;1;13929,3;13790,7;1/9/2020 12:00:00 AM
986;1;14003,67;13864,33;1/8/2020 12:00:00 AM
987;1;13988,6;13849,41;1/7/2020 12:00:00 AM
988;1;14030,81;13891,2;1/6/2020 12:00:00 AM
989;1;13968,5;13829,51;1/3/2020 12:00:00 AM
990;1;13964,48;13825,53;1/2/2020 12:00:00 AM